Index,detectorType,descriptorType,ttcLidar,ttcCamera,Difference
1,SHITOMASI,BRISK,12.3214,15.0122,-2.69072
2,SHITOMASI,BRISK,12.7144,13.047,-0.332544
3,SHITOMASI,BRISK,14.2179,13.4537,0.764212
4,SHITOMASI,BRISK,16.6894,13.016,3.67334
5,SHITOMASI,BRISK,15.7465,12.8167,2.92987
6,SHITOMASI,BRISK,12.6778,11.7556,0.92228
7,SHITOMASI,BRISK,13.1197,12.3426,0.777084
8,SHITOMASI,BRISK,12.0825,13.6508,-1.56826
9,SHITOMASI,BRISK,13.0241,11.274,1.75016
10,SHITOMASI,BRISK,11.1746,35.5348,-24.3602
11,SHITOMASI,BRISK,12.8086,12.7762,0.0323837
12,SHITOMASI,BRISK,8.95978,11.5836,-2.62381
13,SHITOMASI,BRISK,9.96439,11.3089,-1.34447
14,SHITOMASI,BRISK,9.59863,12.5097,-2.9111
15,SHITOMASI,BRISK,8.52157,10.225,-1.7034
16,SHITOMASI,BRISK,9.51552,11.6167,-2.10121
17,SHITOMASI,BRISK,9.61241,10.0052,-0.392819
18,SHITOMASI,BRISK,8.45094,10.2699,-1.81897
1,SHITOMASI,BRIEF,12.3214,14.6699,-2.34848
2,SHITOMASI,BRIEF,12.7144,13.9717,-1.25724
3,SHITOMASI,BRIEF,14.2179,9.73978,4.47817
4,SHITOMASI,BRIEF,16.6894,14.982,1.70737
5,SHITOMASI,BRIEF,15.7465,12.7628,2.98374
6,SHITOMASI,BRIEF,12.6778,13.27,-0.592156
7,SHITOMASI,BRIEF,13.1197,15.2664,-2.14666
8,SHITOMASI,BRIEF,12.0825,12.0847,-0.00222759
9,SHITOMASI,BRIEF,13.0241,11.87,1.15415
10,SHITOMASI,BRIEF,11.1746,12.6285,-1.45382
11,SHITOMASI,BRIEF,12.8086,11.8507,0.95793
12,SHITOMASI,BRIEF,8.95978,11.7623,-2.80251
13,SHITOMASI,BRIEF,9.96439,11.7197,-1.75529
14,SHITOMASI,BRIEF,9.59863,11.3557,-1.75707
15,SHITOMASI,BRIEF,8.52157,12.1983,-3.6767
16,SHITOMASI,BRIEF,9.51552,8.23961,1.27592
17,SHITOMASI,BRIEF,9.61241,11.1379,-1.52547
18,SHITOMASI,BRIEF,8.45094,8.43097,0.019973
1,SHITOMASI,ORB,12.3214,13.8743,-1.55288
2,SHITOMASI,ORB,12.7144,11.0038,1.71066
3,SHITOMASI,ORB,14.2179,12.8155,1.40243
4,SHITOMASI,ORB,16.6894,12.4814,4.20799
5,SHITOMASI,ORB,15.7465,12.5187,3.22781
6,SHITOMASI,ORB,12.6778,13.2198,-0.541926
7,SHITOMASI,ORB,13.1197,13.0506,0.0691336
8,SHITOMASI,ORB,12.0825,11.8822,0.200324
9,SHITOMASI,ORB,13.0241,11.4426,1.58153
10,SHITOMASI,ORB,11.1746,13.9028,-2.72816
11,SHITOMASI,ORB,12.8086,11.7805,1.02808
12,SHITOMASI,ORB,8.95978,11.5712,-2.6114
13,SHITOMASI,ORB,9.96439,11.6341,-1.6697
14,SHITOMASI,ORB,9.59863,10.8656,-1.26696
15,SHITOMASI,ORB,8.52157,10.266,-1.74448
16,SHITOMASI,ORB,9.51552,8.17853,1.33699
17,SHITOMASI,ORB,9.61241,9.68906,-0.0766476
18,SHITOMASI,ORB,8.45094,8.11259,0.338353
1,SHITOMASI,FREAK,12.3214,19.4375,-7.11604
2,SHITOMASI,FREAK,12.7144,13.3176,-0.603119
3,SHITOMASI,FREAK,14.2179,11.3823,2.83569
4,SHITOMASI,FREAK,16.6894,13.0809,3.60847
5,SHITOMASI,FREAK,15.7465,12.9278,2.81874
6,SHITOMASI,FREAK,12.6778,14.9582,-2.28037
7,SHITOMASI,FREAK,13.1197,11.5744,1.54525
8,SHITOMASI,FREAK,12.0825,12.0493,0.0332427
9,SHITOMASI,FREAK,13.0241,11.1691,1.85506
10,SHITOMASI,FREAK,11.1746,13.5197,-2.34511
11,SHITOMASI,FREAK,12.8086,11.7837,1.02492
12,SHITOMASI,FREAK,8.95978,12.0631,-3.10331
13,SHITOMASI,FREAK,9.96439,11.9393,-1.97494
14,SHITOMASI,FREAK,9.59863,12.5302,-2.93162
15,SHITOMASI,FREAK,8.52157,12.463,-3.9414
16,SHITOMASI,FREAK,9.51552,10.7084,-1.19285
17,SHITOMASI,FREAK,9.61241,10.5777,-0.965284
18,SHITOMASI,FREAK,8.45094,10.6551,-2.20416
1,SHITOMASI,SIFT,12.3214,14.0087,-1.68728
2,SHITOMASI,SIFT,12.7144,11.7773,0.937136
3,SHITOMASI,SIFT,14.2179,10.9546,3.26334
4,SHITOMASI,SIFT,16.6894,12.6726,4.01679
5,SHITOMASI,SIFT,15.7465,11.8313,3.9152
6,SHITOMASI,SIFT,12.6778,12.9945,-0.316643
7,SHITOMASI,SIFT,13.1197,13.4182,-0.298466
8,SHITOMASI,SIFT,12.0825,13.2566,-1.17412
9,SHITOMASI,SIFT,13.0241,12.2088,0.815333
10,SHITOMASI,SIFT,11.1746,13.5138,-2.33921
11,SHITOMASI,SIFT,12.8086,12.0821,0.726465
12,SHITOMASI,SIFT,8.95978,11.5386,-2.57884
13,SHITOMASI,SIFT,9.96439,11.3886,-1.4242
14,SHITOMASI,SIFT,9.59863,11.5744,-1.97582
15,SHITOMASI,SIFT,8.52157,10.8477,-2.32616
16,SHITOMASI,SIFT,9.51552,7.48456,2.03096
17,SHITOMASI,SIFT,9.61241,11.0073,-1.39493
18,SHITOMASI,SIFT,8.45094,8.23276,0.218181
1,HARRIS,SIFT,12.3214,10.9082,1.41322
2,HARRIS,SIFT,12.7144,-18.6701,31.3845
3,HARRIS,SIFT,14.2179,-22.9463,37.1642
4,HARRIS,SIFT,16.6894,10.9782,5.71114
5,HARRIS,SIFT,15.7465,13.6432,2.10334
6,HARRIS,SIFT,12.6778,27.8744,-15.1966
7,HARRIS,SIFT,13.1197,13.497,-0.377277
8,HARRIS,SIFT,12.0825,17.6204,-5.53788
9,HARRIS,SIFT,13.0241,16.2396,-3.21552
10,HARRIS,SIFT,11.1746,-13.4405,24.6152
11,HARRIS,SIFT,12.8086,11.1552,1.65344
12,HARRIS,SIFT,8.95978,12.1078,-3.14801
13,HARRIS,SIFT,9.96439,13.3781,-3.4137
14,HARRIS,SIFT,9.59863,5.85828,3.74035
15,HARRIS,SIFT,8.52157,-25.2781,33.7997
16,HARRIS,SIFT,9.51552,9.23765,0.277875
17,HARRIS,SIFT,9.61241,11.7964,-2.18397
18,HARRIS,SIFT,8.45094,#NAME?,inf
1,HARRIS,FREAK,12.3214,9.67691,2.64453
2,HARRIS,FREAK,12.7144,-0.472688,13.1871
3,HARRIS,FREAK,14.2179,-20.0948,34.3127
4,HARRIS,FREAK,16.6894,12.1284,4.56099
5,HARRIS,FREAK,15.7465,-88.5609,104.307
6,HARRIS,FREAK,12.6778,14.7045,-2.02662
7,HARRIS,FREAK,13.1197,13.342,-0.222269
8,HARRIS,FREAK,12.0825,78.3024,-66.2199
9,HARRIS,FREAK,13.0241,0.136149,12.888
10,HARRIS,FREAK,11.1746,10.2931,0.881533
11,HARRIS,FREAK,12.8086,11.0967,1.71188
12,HARRIS,FREAK,8.95978,#NAME?,inf
13,HARRIS,FREAK,9.96439,13.4095,-3.44511
14,HARRIS,FREAK,9.59863,12.288,-2.68935
15,HARRIS,FREAK,8.52157,-12.639,21.1606
16,HARRIS,FREAK,9.51552,8.7674,0.748125
17,HARRIS,FREAK,9.61241,11.7964,-2.18397
18,HARRIS,FREAK,8.45094,25.6763,-17.2253
1,HARRIS,ORB,12.3214,10.9082,1.41322
2,HARRIS,ORB,12.7144,19.3751,-6.66064
3,HARRIS,ORB,14.2179,-11.4731,25.6911
4,HARRIS,ORB,16.6894,10.9782,5.71114
5,HARRIS,ORB,15.7465,13.6432,2.10334
6,HARRIS,ORB,12.6778,nan,nan
7,HARRIS,ORB,13.1197,13.497,-0.377277
8,HARRIS,ORB,12.0825,17.6204,-5.53788
9,HARRIS,ORB,13.0241,3.93864,9.08548
10,HARRIS,ORB,11.1746,#NAME?,inf
11,HARRIS,ORB,12.8086,11.4377,1.37092
12,HARRIS,ORB,8.95978,11.3925,-2.43275
13,HARRIS,ORB,9.96439,13.3781,-3.4137
14,HARRIS,ORB,9.59863,6.06984,3.52879
15,HARRIS,ORB,8.52157,#NAME?,inf
16,HARRIS,ORB,9.51552,6.71705,2.79847
17,HARRIS,ORB,9.61241,12.5848,-2.97243
18,HARRIS,ORB,8.45094,#NAME?,inf
1,HARRIS,BRIEF,12.3214,10.9082,1.41322
2,HARRIS,BRIEF,12.7144,19.3751,-6.66064
3,HARRIS,BRIEF,14.2179,-20.0948,34.3127
4,HARRIS,BRIEF,16.6894,10.9782,5.71114
5,HARRIS,BRIEF,15.7465,34.7543,-19.0077
6,HARRIS,BRIEF,12.6778,14.7045,-2.02662
7,HARRIS,BRIEF,13.1197,14.2744,-1.1547
8,HARRIS,BRIEF,12.0825,17.6204,-5.53788
9,HARRIS,BRIEF,13.0241,3.93864,9.08548
10,HARRIS,BRIEF,11.1746,20.5862,-9.41157
11,HARRIS,BRIEF,12.8086,11.1552,1.65344
12,HARRIS,BRIEF,8.95978,12.1078,-3.14801
13,HARRIS,BRIEF,9.96439,13.3781,-3.4137
14,HARRIS,BRIEF,9.59863,5.66097,3.93766
15,HARRIS,BRIEF,8.52157,-25.2781,33.7997
16,HARRIS,BRIEF,9.51552,6.7641,2.75143
17,HARRIS,BRIEF,9.61241,11.7964,-2.18397
18,HARRIS,BRIEF,8.45094,3.44988,5.00106
1,HARRIS,BRISK,12.3214,10.9082,1.41322
2,HARRIS,BRISK,12.7144,52.7952,-40.0807
3,HARRIS,BRISK,14.2179,-11.4731,25.6911
4,HARRIS,BRISK,16.6894,11.3951,5.29424
5,HARRIS,BRISK,15.7465,44.9166,-29.1701
6,HARRIS,BRISK,12.6778,12.9945,-0.316643
7,HARRIS,BRISK,13.1197,13.342,-0.222269
8,HARRIS,BRISK,12.0825,17.6204,-5.53788
9,HARRIS,BRISK,13.0241,-0.728618,13.7527
10,HARRIS,BRISK,11.1746,-153.93,165.104
11,HARRIS,BRISK,12.8086,11.7414,1.06717
12,HARRIS,BRISK,8.95978,11.3925,-2.43275
13,HARRIS,BRISK,9.96439,284.161,-274.197
14,HARRIS,BRISK,9.59863,7.72144,1.87719
15,HARRIS,BRISK,8.52157,-12.4873,21.0088
16,HARRIS,BRISK,9.51552,8.52258,0.992948
17,HARRIS,BRISK,9.61241,12.5848,-2.97243
18,HARRIS,BRISK,8.45094,0.687055,7.76388
1,FAST,BRISK,12.3214,12.3348,-0.0133354
2,FAST,BRISK,12.7144,12.5319,0.182551
3,FAST,BRISK,14.2179,14.369,-0.151027
4,FAST,BRISK,16.6894,12.6071,4.08227
5,FAST,BRISK,15.7465,47.214,-31.4675
6,FAST,BRISK,12.6778,12.5623,0.115572
7,FAST,BRISK,13.1197,16.8088,-3.68911
8,FAST,BRISK,12.0825,11.3042,0.778283
9,FAST,BRISK,13.0241,13.0274,-0.00332425
10,FAST,BRISK,11.1746,13.1088,-1.9342
11,FAST,BRISK,12.8086,14.4445,-1.63587
12,FAST,BRISK,8.95978,11.4004,-2.44066
13,FAST,BRISK,9.96439,12.2419,-2.27751
14,FAST,BRISK,9.59863,12.1036,-2.50499
15,FAST,BRISK,8.52157,11.7034,-3.18184
16,FAST,BRISK,9.51552,11.9393,-2.42376
17,FAST,BRISK,9.61241,8.23767,1.37475
18,FAST,BRISK,8.45094,11.7578,-3.30687
1,FAST,BRIEF,12.3214,10.7101,1.61138
2,FAST,BRIEF,12.7144,11.0063,1.7081
3,FAST,BRIEF,14.2179,14.1559,0.0620491
4,FAST,BRIEF,16.6894,14.3836,2.30583
5,FAST,BRIEF,15.7465,20.0387,-4.29213
6,FAST,BRIEF,12.6778,13.293,-0.615154
7,FAST,BRIEF,13.1197,12.2128,0.90695
8,FAST,BRIEF,12.0825,12.7596,-0.677078
9,FAST,BRIEF,13.0241,12.6,0.424118
10,FAST,BRIEF,11.1746,13.4587,-2.28403
11,FAST,BRIEF,12.8086,13.6717,-0.863051
12,FAST,BRIEF,8.95978,10.9082,-1.94844
13,FAST,BRIEF,9.96439,12.3674,-2.40298
14,FAST,BRIEF,9.59863,11.2431,-1.64451
15,FAST,BRIEF,8.52157,11.8747,-3.35309
16,FAST,BRIEF,9.51552,11.8375,-2.32198
17,FAST,BRIEF,9.61241,7.92013,1.69229
18,FAST,BRIEF,8.45094,11.554,-3.10305
1,FAST,ORB,12.3214,11.0506,1.27083
2,FAST,ORB,12.7144,10.6351,2.07933
3,FAST,ORB,14.2179,13.4008,0.817173
4,FAST,ORB,16.6894,12.7627,3.92668
5,FAST,ORB,15.7465,18.0923,-2.34576
6,FAST,ORB,12.6778,12.9892,-0.311334
7,FAST,ORB,13.1197,12.4642,0.655521
8,FAST,ORB,12.0825,11.3522,0.730305
9,FAST,ORB,13.0241,12.1119,0.912196
10,FAST,ORB,11.1746,13.4169,-2.24225
11,FAST,ORB,12.8086,13.4172,-0.608606
12,FAST,ORB,8.95978,10.4239,-1.46414
13,FAST,ORB,9.96439,12.0462,-2.08178
14,FAST,ORB,9.59863,11.0103,-1.41167
15,FAST,ORB,8.52157,11.3841,-2.86258
16,FAST,ORB,9.51552,11.5936,-2.07805
17,FAST,ORB,9.61241,7.57979,2.03263
18,FAST,ORB,8.45094,10.5845,-2.13361
1,FAST,FREAK,12.3214,12.1862,0.135238
2,FAST,FREAK,12.7144,16.3987,-3.68424
3,FAST,FREAK,14.2179,14.8112,-0.593267
4,FAST,FREAK,16.6894,14.0729,2.61651
5,FAST,FREAK,15.7465,14.4739,1.27269
6,FAST,FREAK,12.6778,12.5628,0.115073
7,FAST,FREAK,13.1197,13.9889,-0.869236
8,FAST,FREAK,12.0825,11.9033,0.179154
9,FAST,FREAK,13.0241,12.8498,0.174312
10,FAST,FREAK,11.1746,13.6864,-2.51178
11,FAST,FREAK,12.8086,13.1746,-0.366021
12,FAST,FREAK,8.95978,11.5139,-2.55407
13,FAST,FREAK,9.96439,11.8251,-1.86066
14,FAST,FREAK,9.59863,11.4149,-1.81624
15,FAST,FREAK,8.52157,11.386,-2.86447
16,FAST,FREAK,9.51552,11.9191,-2.40353
17,FAST,FREAK,9.61241,8.61022,1.00219
18,FAST,FREAK,8.45094,11.5066,-3.05562
1,FAST,SIFT,12.3214,12.8459,-0.524472
2,FAST,SIFT,12.7144,10.7133,2.00117
3,FAST,SIFT,14.2179,13.5153,0.702654
4,FAST,SIFT,16.6894,13.995,2.69442
5,FAST,SIFT,15.7465,26.3629,-10.6164
6,FAST,SIFT,12.6778,12.8903,-0.212446
7,FAST,SIFT,13.1197,13.4674,-0.34772
8,FAST,SIFT,12.0825,13.7045,-1.62202
9,FAST,SIFT,13.0241,12.9798,0.0443188
10,FAST,SIFT,11.1746,14.0994,-2.92477
11,FAST,SIFT,12.8086,15.164,-2.3554
12,FAST,SIFT,8.95978,11.6857,-2.72595
13,FAST,SIFT,9.96439,12.0107,-2.04629
14,FAST,SIFT,9.59863,11.5571,-1.95849
15,FAST,SIFT,8.52157,11.4218,-2.90027
16,FAST,SIFT,9.51552,11.1505,-1.63493
17,FAST,SIFT,9.61241,7.86159,1.75083
18,FAST,SIFT,8.45094,12.0915,-3.64058
1,BRISK,BRISK,12.3214,13.9354,-1.61399
2,BRISK,BRISK,12.7144,14.5453,-1.83081
3,BRISK,BRISK,14.2179,12.1648,2.05312
4,BRISK,BRISK,16.6894,15.5311,1.15827
5,BRISK,BRISK,15.7465,25.9354,-10.1888
6,BRISK,BRISK,12.6778,15.0214,-2.34356
7,BRISK,BRISK,13.1197,18.1356,-5.01588
8,BRISK,BRISK,12.0825,16.9012,-4.81869
9,BRISK,BRISK,13.0241,14.9058,-1.88165
10,BRISK,BRISK,11.1746,14.3012,-3.12651
11,BRISK,BRISK,12.8086,13.0458,-0.237224
12,BRISK,BRISK,8.95978,11.6197,-2.65993
13,BRISK,BRISK,9.96439,12.7156,-2.7512
14,BRISK,BRISK,9.59863,11.3689,-1.77032
15,BRISK,BRISK,8.52157,12.1932,-3.6716
16,BRISK,BRISK,9.51552,10.3623,-0.846814
17,BRISK,BRISK,9.61241,9.4183,0.194118
18,BRISK,BRISK,8.45094,10.5758,-2.12487
1,BRISK,BRIEF,12.3214,13.7112,-1.38981
2,BRISK,BRIEF,12.7144,18.0906,-5.37612
3,BRISK,BRIEF,14.2179,12.4078,1.81014
4,BRISK,BRIEF,16.6894,21.8203,-5.13092
5,BRISK,BRIEF,15.7465,26.0032,-10.2566
6,BRISK,BRIEF,12.6778,19.1942,-6.51632
7,BRISK,BRIEF,13.1197,17.9007,-4.78096
8,BRISK,BRIEF,12.0825,18.3884,-6.30586
9,BRISK,BRIEF,13.0241,14.9571,-1.93301
10,BRISK,BRIEF,11.1746,12.0464,-0.871728
11,BRISK,BRIEF,12.8086,11.5291,1.27946
12,BRISK,BRIEF,8.95978,14.1488,-5.18901
13,BRISK,BRIEF,9.96439,12.8901,-2.92571
14,BRISK,BRIEF,9.59863,10.3176,-0.718982
15,BRISK,BRIEF,8.52157,11.1009,-2.57933
16,BRISK,BRIEF,9.51552,13.0401,-3.52453
17,BRISK,BRIEF,9.61241,11.1959,-1.58351
18,BRISK,BRIEF,8.45094,9.5707,-1.11976
1,BRISK,ORB,12.3214,14.062,-1.74052
2,BRISK,ORB,12.7144,14.8464,-2.13194
3,BRISK,ORB,14.2179,13.455,0.762992
4,BRISK,ORB,16.6894,19.9039,-3.21455
5,BRISK,ORB,15.7465,20.577,-4.83042
6,BRISK,ORB,12.6778,16.3134,-3.63556
7,BRISK,ORB,13.1197,19.5354,-6.41565
8,BRISK,ORB,12.0825,15.2741,-3.19159
9,BRISK,ORB,13.0241,12.1967,0.827421
10,BRISK,ORB,11.1746,12.2395,-1.06484
11,BRISK,ORB,12.8086,12.8449,-0.0362991
12,BRISK,ORB,8.95978,11.1215,-2.16172
13,BRISK,ORB,9.96439,11.64,-1.67559
14,BRISK,ORB,9.59863,10.7668,-1.1682
15,BRISK,ORB,8.52157,13.2191,-4.69752
16,BRISK,ORB,9.51552,10.5176,-1.0021
17,BRISK,ORB,9.61241,9.76526,-0.152843
18,BRISK,ORB,8.45094,10.6055,-2.15458
1,BRISK,FREAK,12.3214,14.4885,-2.16711
2,BRISK,FREAK,12.7144,22.3822,-9.66771
3,BRISK,FREAK,14.2179,14.5448,-0.326863
4,BRISK,FREAK,16.6894,13.5966,3.09282
5,BRISK,FREAK,15.7465,24.3548,-8.60823
6,BRISK,FREAK,12.6778,13.862,-1.18419
7,BRISK,FREAK,13.1197,14.616,-1.4963
8,BRISK,FREAK,12.0825,17.0768,-4.99427
9,BRISK,FREAK,13.0241,18.1204,-5.09629
10,BRISK,FREAK,11.1746,13.241,-2.06633
11,BRISK,FREAK,12.8086,12.0846,0.723955
12,BRISK,FREAK,8.95978,12.7117,-3.75189
13,BRISK,FREAK,9.96439,12.3611,-2.39671
14,BRISK,FREAK,9.59863,11.5847,-1.98608
15,BRISK,FREAK,8.52157,12.3974,-3.87587
16,BRISK,FREAK,9.51552,9.69395,-0.178429
17,BRISK,FREAK,9.61241,8.83398,0.778432
18,BRISK,FREAK,8.45094,10.5919,-2.14091
1,BRISK,SIFT,12.3214,15.8393,-3.51783
2,BRISK,SIFT,12.7144,14.89,-2.17556
3,BRISK,SIFT,14.2179,17.7622,-3.54428
4,BRISK,SIFT,16.6894,18.1289,-1.43954
5,BRISK,SIFT,15.7465,35.743,-19.9965
6,BRISK,SIFT,12.6778,14.206,-1.52813
7,BRISK,SIFT,13.1197,16.7101,-3.59044
8,BRISK,SIFT,12.0825,19.1326,-7.05014
9,BRISK,SIFT,13.0241,15.7995,-2.77536
10,BRISK,SIFT,11.1746,13.8178,-2.64314
11,BRISK,SIFT,12.8086,12.2442,0.564448
12,BRISK,SIFT,8.95978,13.2939,-4.33412
13,BRISK,SIFT,9.96439,12.6708,-2.70639
14,BRISK,SIFT,9.59863,10.7044,-1.10574
15,BRISK,SIFT,8.52157,13.2084,-4.68683
16,BRISK,SIFT,9.51552,10.2251,-0.709563
17,BRISK,SIFT,9.61241,10.7686,-1.15617
18,BRISK,SIFT,8.45094,13.6244,-5.17344
1,ORB,BRISK,12.3214,17.4836,-5.16214
2,ORB,BRISK,12.7144,15.5366,-2.82216
3,ORB,BRISK,14.2179,19.1784,-4.96046
4,ORB,BRISK,16.6894,21.3012,-4.61183
5,ORB,BRISK,15.7465,73.2489,-57.5023
6,ORB,BRISK,12.6778,12.5602,0.117611
7,ORB,BRISK,13.1197,17.36,-4.24028
8,ORB,BRISK,12.0825,11.1,0.982474
9,ORB,BRISK,13.0241,11.9786,1.04555
10,ORB,BRISK,11.1746,13.3046,-2.12995
11,ORB,BRISK,12.8086,8.49484,4.31376
12,ORB,BRISK,8.95978,427.443,-418.483
13,ORB,BRISK,9.96439,8.33753,1.62686
14,ORB,BRISK,9.59863,9.26013,0.338501
15,ORB,BRISK,8.52157,8.85869,-0.337123
16,ORB,BRISK,9.51552,9.37082,0.144706
17,ORB,BRISK,9.61241,14.3156,-4.70323
18,ORB,BRISK,8.45094,18.5799,-10.129
1,ORB,BRIEF,12.3214,16.4808,-4.15937
2,ORB,BRIEF,12.7144,16.9496,-4.2352
3,ORB,BRIEF,14.2179,30.925,-16.7071
4,ORB,BRIEF,16.6894,25.2172,-8.52777
5,ORB,BRIEF,15.7465,25.3525,-9.60591
6,ORB,BRIEF,12.6778,18.2578,-5.57996
7,ORB,BRIEF,13.1197,39.9996,-26.8799
8,ORB,BRIEF,12.0825,31.8478,-19.7653
9,ORB,BRIEF,13.0241,223.467,-210.442
10,ORB,BRIEF,11.1746,11.5325,-0.357833
11,ORB,BRIEF,12.8086,10.4394,2.3692
12,ORB,BRIEF,8.95978,16.4491,-7.48932
13,ORB,BRIEF,9.96439,10.7998,-0.835383
14,ORB,BRIEF,9.59863,8.40597,1.19266
15,ORB,BRIEF,8.52157,10.4365,-1.91494
16,ORB,BRIEF,9.51552,13.4955,-3.97997
17,ORB,BRIEF,9.61241,18.7607,-9.14827
18,ORB,BRIEF,8.45094,13.275,-4.82402
1,ORB,ORB,12.3214,24.7809,-12.4595
2,ORB,ORB,12.7144,10.126,2.58843
3,ORB,ORB,14.2179,18.5308,-4.31281
4,ORB,ORB,16.6894,26.6829,-9.99349
5,ORB,ORB,15.7465,25.7254,-9.97885
6,ORB,ORB,12.6778,10.7829,1.89492
7,ORB,ORB,13.1197,36.3987,-23.279
8,ORB,ORB,12.0825,10.911,1.17152
9,ORB,ORB,13.0241,18.651,-5.62688
10,ORB,ORB,11.1746,16.6469,-5.4723
11,ORB,ORB,12.8086,8.48098,4.32762
12,ORB,ORB,8.95978,30.9371,-21.9773
13,ORB,ORB,9.96439,9.4542,0.510188
14,ORB,ORB,9.59863,9.52775,0.0708794
15,ORB,ORB,8.52157,12.9444,-4.42283
16,ORB,ORB,9.51552,9.61341,-0.0978871
17,ORB,ORB,9.61241,25.3838,-15.7713
18,ORB,ORB,8.45094,21.8102,-13.3592
1,ORB,FREAK,12.3214,11.7196,0.60183
2,ORB,FREAK,12.7144,25.2016,-12.4871
3,ORB,FREAK,14.2179,17.5368,-3.31883
4,ORB,FREAK,16.6894,11.2797,5.40971
5,ORB,FREAK,15.7465,52.139,-36.3924
6,ORB,FREAK,12.6778,34.2874,-21.6095
7,ORB,FREAK,13.1197,127.591,-114.471
8,ORB,FREAK,12.0825,9.36116,2.72134
9,ORB,FREAK,13.0241,13.3202,-0.296033
10,ORB,FREAK,11.1746,-545.044,556.218
11,ORB,FREAK,12.8086,8.40781,4.40079
12,ORB,FREAK,8.95978,#NAME?,inf
13,ORB,FREAK,9.96439,7.03048,2.93391
14,ORB,FREAK,9.59863,55.7876,-46.189
15,ORB,FREAK,8.52157,8.72363,-0.20206
16,ORB,FREAK,9.51552,11.1021,-1.58654
17,ORB,FREAK,9.61241,186.726,-177.114
18,ORB,FREAK,8.45094,24.1855,-15.7346
1,ORB,SIFT,12.3214,16.7817,-4.46023
2,ORB,SIFT,12.7144,11.2445,1.46998
3,ORB,SIFT,14.2179,19.2067,-4.98872
4,ORB,SIFT,16.6894,#NAME?,inf
5,ORB,SIFT,15.7465,60.7059,-44.9593
6,ORB,SIFT,12.6778,15.1309,-2.45307
7,ORB,SIFT,13.1197,41.7177,-28.598
8,ORB,SIFT,12.0825,10.8638,1.21868
9,ORB,SIFT,13.0241,12.2889,0.735265
10,ORB,SIFT,11.1746,11.1031,0.0715128
11,ORB,SIFT,12.8086,9.20223,3.60637
12,ORB,SIFT,8.95978,#NAME?,inf
13,ORB,SIFT,9.96439,9.46076,0.503633
14,ORB,SIFT,9.59863,18.5566,-8.95793
15,ORB,SIFT,8.52157,13.6989,-5.17737
16,ORB,SIFT,9.51552,9.98441,-0.468881
17,ORB,SIFT,9.61241,18.7334,-9.12094
18,ORB,SIFT,8.45094,15.175,-6.72404
1,AKAZE,BRISK,12.3214,12.2825,0.0389591
2,AKAZE,BRISK,12.7144,14.7592,-2.0447
3,AKAZE,BRISK,14.2179,13.4572,0.760796
4,AKAZE,BRISK,16.6894,14.2508,2.43861
5,AKAZE,BRISK,15.7465,14.1235,1.62308
6,AKAZE,BRISK,12.6778,15.0884,-2.41053
7,AKAZE,BRISK,13.1197,16.2013,-3.08156
8,AKAZE,BRISK,12.0825,14.3942,-2.31166
9,AKAZE,BRISK,13.0241,13.9664,-0.942249
10,AKAZE,BRISK,11.1746,11.4787,-0.304106
11,AKAZE,BRISK,12.8086,12.6562,0.152352
12,AKAZE,BRISK,8.95978,11.2959,-2.3361
13,AKAZE,BRISK,9.96439,10.4433,-0.478893
14,AKAZE,BRISK,9.59863,10.5446,-0.946008
15,AKAZE,BRISK,8.52157,10.0003,-1.47875
16,AKAZE,BRISK,9.51552,9.9926,-0.477075
17,AKAZE,BRISK,9.61241,9.44134,0.171075
18,AKAZE,BRISK,8.45094,8.98139,-0.530452
1,AKAZE,BRIEF,12.3214,13.3774,-1.05601
2,AKAZE,BRIEF,12.7144,15.1976,-2.48312
3,AKAZE,BRIEF,14.2179,13.1393,1.07867
4,AKAZE,BRIEF,16.6894,14.5957,2.09369
5,AKAZE,BRIEF,15.7465,15.5955,0.151074
6,AKAZE,BRIEF,12.6778,13.6406,-0.962761
7,AKAZE,BRIEF,13.1197,15.7392,-2.61952
8,AKAZE,BRIEF,12.0825,14.4599,-2.3774
9,AKAZE,BRIEF,13.0241,14.1136,-1.08953
10,AKAZE,BRIEF,11.1746,11.8953,-0.720637
11,AKAZE,BRIEF,12.8086,13.0259,-0.217345
12,AKAZE,BRIEF,8.95978,12.1682,-3.20846
13,AKAZE,BRIEF,9.96439,10.2485,-0.28414
14,AKAZE,BRIEF,9.59863,10.1261,-0.527432
15,AKAZE,BRIEF,8.52157,9.14934,-0.627777
16,AKAZE,BRIEF,9.51552,10.1458,-0.630276
17,AKAZE,BRIEF,9.61241,9.53868,0.0737299
18,AKAZE,BRIEF,8.45094,8.84252,-0.39158
1,AKAZE,ORB,12.3214,13.2771,-0.955655
2,AKAZE,ORB,12.7144,14.5743,-1.85981
3,AKAZE,ORB,14.2179,13.2589,0.959027
4,AKAZE,ORB,16.6894,14.3818,2.30758
5,AKAZE,ORB,15.7465,15.9471,-0.200554
6,AKAZE,ORB,12.6778,14.146,-1.46815
7,AKAZE,ORB,13.1197,15.8057,-2.68598
8,AKAZE,ORB,12.0825,14.2606,-2.17811
9,AKAZE,ORB,13.0241,13.399,-0.374877
10,AKAZE,ORB,11.1746,11.4538,-0.279144
11,AKAZE,ORB,12.8086,12.329,0.479624
12,AKAZE,ORB,8.95978,11.6477,-2.68788
13,AKAZE,ORB,9.96439,10.7927,-0.828287
14,AKAZE,ORB,9.59863,10.4415,-0.842847
15,AKAZE,ORB,8.52157,9.87758,-1.35601
16,AKAZE,ORB,9.51552,10.2919,-0.776377
17,AKAZE,ORB,9.61241,9.07698,0.535432
18,AKAZE,ORB,8.45094,8.78254,-0.331598
1,AKAZE,FREAK,12.3214,12.773,-0.451532
2,AKAZE,FREAK,12.7144,14.0742,-1.35974
3,AKAZE,FREAK,14.2179,13.8617,0.35626
4,AKAZE,FREAK,16.6894,13.7493,2.94005
5,AKAZE,FREAK,15.7465,15.0307,0.715809
6,AKAZE,FREAK,12.6778,14.0155,-1.33768
7,AKAZE,FREAK,13.1197,15.6927,-2.57304
8,AKAZE,FREAK,12.0825,14.1189,-2.03641
9,AKAZE,FREAK,13.0241,13.493,-0.468931
10,AKAZE,FREAK,11.1746,11.7413,-0.566694
11,AKAZE,FREAK,12.8086,12.0453,0.763302
12,AKAZE,FREAK,8.95978,10.747,-1.7872
13,AKAZE,FREAK,9.96439,10.9342,-0.969803
14,AKAZE,FREAK,9.59863,9.97189,-0.373263
15,AKAZE,FREAK,8.52157,9.30242,-0.780858
16,AKAZE,FREAK,9.51552,9.66431,-0.148783
17,AKAZE,FREAK,9.61241,9.57175,0.0406677
18,AKAZE,FREAK,8.45094,8.943,-0.492057
1,AKAZE,AKAZE,12.3214,12.5835,-0.262066
2,AKAZE,AKAZE,12.7144,14.7901,-2.07564
3,AKAZE,AKAZE,14.2179,12.9486,1.26933
4,AKAZE,AKAZE,16.6894,14.6163,2.07309
5,AKAZE,AKAZE,15.7465,16.4977,-0.751116
6,AKAZE,AKAZE,12.6778,13.2509,-0.573028
7,AKAZE,AKAZE,13.1197,15.2119,-2.0922
8,AKAZE,AKAZE,12.0825,14.5567,-2.47422
9,AKAZE,AKAZE,13.0241,14.1523,-1.1282
10,AKAZE,AKAZE,11.1746,11.5863,-0.411672
11,AKAZE,AKAZE,12.8086,12.1869,0.62174
12,AKAZE,AKAZE,8.95978,11.5021,-2.54233
13,AKAZE,AKAZE,9.96439,10.4251,-0.460739
14,AKAZE,AKAZE,9.59863,10.4339,-0.835318
15,AKAZE,AKAZE,8.52157,10.6541,-2.13254
16,AKAZE,AKAZE,9.51552,10.0937,-0.578214
17,AKAZE,AKAZE,9.61241,9.35968,0.252738
18,AKAZE,AKAZE,8.45094,9.00511,-0.554174
1,AKAZE,SIFT,12.3214,12.6613,-0.339891
2,AKAZE,SIFT,12.7144,14.6497,-1.93527
3,AKAZE,SIFT,14.2179,13.1515,1.06646
4,AKAZE,SIFT,16.6894,14.1718,2.51761
5,AKAZE,SIFT,15.7465,17.0355,-1.28891
6,AKAZE,SIFT,12.6778,13.7732,-1.09531
7,AKAZE,SIFT,13.1197,15.4946,-2.37492
8,AKAZE,SIFT,12.0825,14.0329,-1.95045
9,AKAZE,SIFT,13.0241,14.1544,-1.13031
10,AKAZE,SIFT,11.1746,11.6543,-0.479626
11,AKAZE,SIFT,12.8086,12.7059,0.102686
12,AKAZE,SIFT,8.95978,11.3908,-2.43099
13,AKAZE,SIFT,9.96439,10.9192,-0.954818
14,AKAZE,SIFT,9.59863,10.463,-0.864412
15,AKAZE,SIFT,8.52157,9.8296,-1.30803
16,AKAZE,SIFT,9.51552,10.0812,-0.565718
17,AKAZE,SIFT,9.61241,9.46144,0.150971
18,AKAZE,SIFT,8.45094,8.90798,-0.457041
1,SIFT,SIFT,12.3214,11.6339,0.687567
2,SIFT,SIFT,12.7144,13.5233,-0.808839
3,SIFT,SIFT,14.2179,12.6372,1.58075
4,SIFT,SIFT,16.6894,18.465,-1.77561
5,SIFT,SIFT,15.7465,15.2379,0.508641
6,SIFT,SIFT,12.6778,12.1952,0.482627
7,SIFT,SIFT,13.1197,14.8125,-1.69281
8,SIFT,SIFT,12.0825,17.8138,-5.73131
9,SIFT,SIFT,13.0241,14.067,-1.04283
10,SIFT,SIFT,11.1746,11.0126,0.162049
11,SIFT,SIFT,12.8086,11.8113,0.997276
12,SIFT,SIFT,8.95978,11.3158,-2.35606
13,SIFT,SIFT,9.96439,10.5749,-0.610551
14,SIFT,SIFT,9.59863,12.2696,-2.67096
15,SIFT,SIFT,8.52157,9.46346,-0.941898
16,SIFT,SIFT,9.51552,9.06411,0.451413
17,SIFT,SIFT,9.61241,8.82902,0.783398
18,SIFT,SIFT,8.45094,8.93732,-0.486378
1,SIFT,BRISK,12.3214,13.5175,-1.19605
2,SIFT,BRISK,12.7144,13.0542,-0.339765
3,SIFT,BRISK,14.2179,12.7195,1.49841
4,SIFT,BRISK,16.6894,19.6614,-2.972
5,SIFT,BRISK,15.7465,17.237,-1.49045
6,SIFT,BRISK,12.6778,10.5373,2.14053
7,SIFT,BRISK,13.1197,14.2827,-1.16298
8,SIFT,BRISK,12.0825,12.6224,-0.539927
9,SIFT,BRISK,13.0241,13.6468,-0.622731
10,SIFT,BRISK,11.1746,10.1241,1.05056
11,SIFT,BRISK,12.8086,11.7262,1.0824
12,SIFT,BRISK,8.95978,10.688,-1.72819
13,SIFT,BRISK,9.96439,9.6881,0.276293
14,SIFT,BRISK,9.59863,11.0464,-1.44778
15,SIFT,BRISK,8.52157,9.47815,-0.956581
16,SIFT,BRISK,9.51552,9.64438,-0.128856
17,SIFT,BRISK,9.61241,8.86009,0.752328
18,SIFT,BRISK,8.45094,9.32687,-0.875926
1,SIFT,BRIEF,12.3214,11.9925,0.328921
2,SIFT,BRIEF,12.7144,12.6771,0.0373852
3,SIFT,BRIEF,14.2179,13.905,0.31292
4,SIFT,BRIEF,16.6894,21.8023,-5.1129
5,SIFT,BRIEF,15.7465,14.13,1.61652
6,SIFT,BRIEF,12.6778,11.0631,1.61478
7,SIFT,BRIEF,13.1197,13.1303,-0.0106345
8,SIFT,BRIEF,12.0825,16.1708,-4.08834
9,SIFT,BRIEF,13.0241,13.2586,-0.234459
10,SIFT,BRIEF,11.1746,10.331,0.843656
11,SIFT,BRIEF,12.8086,12.0448,0.76381
12,SIFT,BRIEF,8.95978,9.73484,-0.77506
13,SIFT,BRIEF,9.96439,9.62368,0.340706
14,SIFT,BRIEF,9.59863,9.3534,0.245227
15,SIFT,BRIEF,8.52157,8.92271,-0.401139
16,SIFT,BRIEF,9.51552,8.8547,0.660826
17,SIFT,BRIEF,9.61241,8.61572,0.996691
18,SIFT,BRIEF,8.45094,9.41202,-0.96108
1,SIFT,FREAK,12.3214,11.5787,0.742781
2,SIFT,FREAK,12.7144,12.6771,0.0373852
3,SIFT,FREAK,14.2179,13.2096,1.00833
4,SIFT,FREAK,16.6894,19.6967,-3.00735
5,SIFT,FREAK,15.7465,13.8924,1.8541
6,SIFT,FREAK,12.6778,11.0631,1.61478
7,SIFT,FREAK,13.1197,14.3087,-1.18896
8,SIFT,FREAK,12.0825,12.3717,-0.289163
9,SIFT,FREAK,13.0241,15.0473,-2.02322
10,SIFT,FREAK,11.1746,10.1241,1.05056
11,SIFT,FREAK,12.8086,11.2887,1.51986
12,SIFT,FREAK,8.95978,10.6742,-1.71438
13,SIFT,FREAK,9.96439,9.15905,0.805344
14,SIFT,FREAK,9.59863,9.07027,0.528363
15,SIFT,FREAK,8.52157,9.07095,-0.54938
16,SIFT,FREAK,9.51552,9.84439,-0.328862
17,SIFT,FREAK,9.61241,8.62812,0.984294
18,SIFT,FREAK,8.45094,8.96286,-0.511917
